[{"date":"2026.01.14","title":"지방자치 30년, '공간 민주주의'로 가치를 높이다 2026.01.14 국토교통부","dept":"국토교통부","url":"https://m.korea.kr/briefing/pressReleaseView.do?newsId=156739550&gubun=pressRelease&pageIndex=1&repCode="},{"date":"2026.01.14","title":"세계은행(WB), '26년 세계경제 성장률을 '25년 대비 0.1%p 하락한 2.6%로 전망 2026.01.14 재정경제부","dept":"재정경제부","url":"https://m.korea.kr/briefing/pressReleaseView.do?newsId=156739549&gubun=pressRelease&pageIndex=1&repCode="},{"date":"2026.01.13","title":"모두가 행복하게 일할 수 있는 나라, 고용노동부·경제사회노동위원회·중앙노동위원회가 함께 국민이 체감할 수 있는 성과를 만들겠습니다. 2026.01.13 고용노동부","dept":"고용노동부","url":"https://m.korea.kr/briefing/pressReleaseView.do?newsId=156739513&gubun=pressRelease&pageIndex=1&repCode="},{"date":"2026.01.13","title":"제15차 아세안 담당관 회의 개최 2026.01.13 외교부","dept":"외교부","url":"https://m.korea.kr/briefing/pressReleaseView.do?newsId=156739512&gubun=pressRelease&pageIndex=1&repCode="},{"date":"2026.01.13","title":"신규증원 의사인력을 지역·필수분야에서 일하는 인력으로 2026.01.13 보건복지부","dept":"보건복지부","url":"https://m.korea.kr/briefing/pressReleaseView.do?newsId=156739510&gubun=pressRelease&pageIndex=1&repCode="}]